request_id,user_id,role,account_age,recovery_reason,device_id,device_known,device_trust_score,device_change,ip_risk_score,geo_consistency,login_history_consistency,identity_evidence_available,identity_evidence_score,directory_status,mfa_history,previous_recovery_count,recovery_velocity,evidence_delay,source_missing,source_delayed,fraud_scenario,ground_truth,expected_decision
23b8c1e9-3924-46de-beb1-3b9046685257,u100000,Student,239,session_expired_urgent,dev_81482_2424,True,0.727,True,0.144,0.906,0.852,True,0.762,ACTIVE,ACTIVE_HEALTHY,0,0,False,none,none,none,LEGITIMATE,APPROVE
759cde66-bacf-43d0-8b1f-9163ce9ff57f,u100001,Faculty,4757,forgot_password,dev_59615_2291,True,0.854,False,0.091,0.672,0.844,True,0.888,ACTIVE,ACTIVE_HEALTHY,0,0,False,none,none,none,LEGITIMATE,APPROVE
8e944239-b02b-41c4-a3d7-0628ece66fa2,u100002,Student,479,session_expired_urgent,dev_52504_1916,True,0.738,True,0.04,0.775,0.83,True,0.989,ACTIVE,ACTIVE_HEALTHY,1,1,False,none,none,none,LEGITIMATE,APPROVE
10435a10-98ae-4334-ac12-ace8ae340454,u100003,Student,818,hardware_token_broken,dev_88104_8668,False,0.504,True,0.488,0.839,0.615,True,0.592,SUSPENDED,DISABLED,5,3,False,none,none,insider_threat,FRAUD,DENY
f8cda88b-436d-46e2-b83c-fe0be037e5ed,u100004,Temporary Researcher,271,lost_device,dev_76542_2743,False,0.688,True,0.139,0.999,0.273,True,0.789,ACTIVE,ACTIVE_HEALTHY,0,0,False,none,none,none,LEGITIMATE,APPROVE
a8e56e0c-20de-435d-a031-d750c40db9b4,u100005,Alumni,5353,locked_out_traveling,dev_31643_5342,True,0.574,False,0.416,0.855,0.48,True,0.699,LEAVE,DISABLED,5,5,False,none,none,insider_threat,FRAUD,DENY
8dcdcd03-969b-4662-8562-8059568cc69b,u100006,Student,501,locked_out_traveling,dev_38864_1117,False,0.0,True,0.411,0.416,0.354,True,0.396,ACTIVE,RECENTLY_RESET,3,1,False,device,none,sim_swap,FRAUD,MANUAL_REVIEW
c8dcd19f-3e35-4128-b900-f7f993829b43,u100007,Alumni,5334,hardware_token_broken,dev_34957_2545,True,0.786,False,0.342,0.93,0.935,True,0.948,ACTIVE,ACTIVE_HEALTHY,2,1,False,network,none,none,LEGITIMATE,APPROVE
dd59ba71-36b8-4481-bb3a-4e3e7c52fa17,u100008,Student,851,forgot_password,dev_31579_7209,True,0.909,False,0.055,0.949,0.949,True,0.846,ACTIVE,ACTIVE_HEALTHY,0,0,False,network,none,none,LEGITIMATE,APPROVE
3c365296-dca0-4eec-acda-bacc1165e210,u100009,Student,856,forgot_password,dev_84668_5033,True,0.867,True,0.197,0.943,0.715,True,0.729,ACTIVE,RECENTLY_RESET,0,0,False,none,none,none,LEGITIMATE,APPROVE
d5704f32-702c-4d20-a862-18b848f4ef12,u100010,Student,1142,session_expired_urgent,dev_49651_9666,False,0.379,True,0.781,0.085,0.077,False,0.0,ACTIVE,ACTIVE_HEALTHY,2,6,False,directory,none,credential_stuffing,FRAUD,DENY
439472e6-da58-4e8a-a25d-6b29afffcfd2,u100011,Student,1065,hardware_token_broken,dev_42914_1832,False,0.313,True,0.617,0.246,0.593,True,0.441,PENDING_REVIEW,FAILED_RECENTLY,1,1,False,network,none,social_engineering,FRAUD,DENY
d5a804eb-0939-43de-8bab-ce3b26286bfb,u100012,Faculty,3389,locked_out_traveling,dev_82420_3426,False,0.82,True,0.071,0.948,0.846,True,0.927,ACTIVE,ACTIVE_HEALTHY,0,0,False,none,none,none,LEGITIMATE,APPROVE
33173470-38f1-4a81-b87f-2425dbccc477,u100013,Alumni,8149,hardware_token_broken,dev_55830_6000,False,0.278,True,0.631,0.439,0.284,True,0.482,ACTIVE,RECENTLY_RESET,2,3,False,none,none,sim_swap,FRAUD,MANUAL_REVIEW
f071d879-54c6-4cd8-8945-6f27d7fa2d8d,u100014,Faculty,591,forgot_password,dev_44237_3925,True,0.663,False,0.13,0.695,0.706,True,0.825,ACTIVE,RECENTLY_RESET,0,0,False,none,none,none,LEGITIMATE,APPROVE
688c7015-aab9-4e49-8f2d-479681d2c7de,u100015,Alumni,6842,hardware_token_broken,dev_48752_3085,False,0.299,True,0.73,0.342,0.05,False,0.0,LEAVE,DISABLED,0,2,True,none,identity,dormant_takeover,FRAUD,DENY
77097749-527e-4cfa-a79a-c9aa9b4e2c24,u100016,Alumni,5079,hardware_token_broken,dev_98555_4501,False,0.431,True,0.499,0.532,0.386,True,0.536,ACTIVE,RECENTLY_RESET,1,3,False,none,none,sim_swap,FRAUD,MANUAL_REVIEW
3eae0032-0bd4-4990-8640-be0f25b8fd4b,u100017,Alumni,5352,locked_out_traveling,dev_19545_8461,True,0.714,False,0.288,0.634,0.409,True,0.986,ACTIVE,FAILED_RECENTLY,0,0,False,none,none,none,LEGITIMATE,APPROVE
28be9288-e5af-4e39-b227-64e68c41561b,u100018,Alumni,7552,hardware_token_broken,dev_68991_5246,True,0.742,False,0.368,0.916,0.701,True,0.762,ACTIVE,RECENTLY_RESET,0,0,False,none,none,none,LEGITIMATE,APPROVE
f2311f17-9586-4a76-8511-55ffe7a37e81,u100019,Student,1454,forgot_password,dev_85456_7232,False,0.39,True,0.636,0.512,0.543,True,0.535,ACTIVE,DISABLED,2,3,False,none,none,social_engineering,FRAUD,MANUAL_REVIEW
cc530e36-addc-4e13-ab3b-4d37560c95ee,u100020,Student,858,session_expired_urgent,dev_31632_8657,True,0.826,False,0.148,0.877,0.763,True,0.836,ACTIVE,ACTIVE_HEALTHY,3,0,False,none,none,none,LEGITIMATE,APPROVE
07f194f9-c115-4d6d-8a4e-5b70a6d964a3,u100021,Alumni,3485,lost_device,dev_12671_3496,False,0.451,True,0.052,0.956,0.762,True,0.809,ACTIVE,ACTIVE_HEALTHY,0,0,False,none,none,none,LEGITIMATE,APPROVE
af2b99b4-d9ac-4158-8d34-85c5c5c14eb4,u100022,Student,1259,forgot_password,dev_84177_1672,True,0.772,False,0.089,0.675,0.713,True,0.778,ACTIVE,FAILED_RECENTLY,0,0,False,none,none,none,LEGITIMATE,APPROVE
162f8a24-ef43-413c-94aa-c9a33ed8c56c,u100023,Student,601,hardware_token_broken,dev_41963_8613,True,0.761,False,0.13,0.755,0.895,True,0.818,ACTIVE,ACTIVE_HEALTHY,0,0,False,none,none,none,LEGITIMATE,APPROVE
6786d506-38ba-4abc-8b53-05e517d2582e,u100024,Alumni,7127,lost_device,dev_50135_7046,False,0.591,True,0.292,0.769,0.706,True,0.983,ACTIVE,RECENTLY_RESET,3,0,False,none,none,none,LEGITIMATE,APPROVE
88bd13d1-b540-430e-839f-3a254d6168bd,u100025,Student,289,mfa_phone_replaced,dev_15965_1893,False,0.423,True,0.663,0.336,0.204,True,0.394,ACTIVE,RECENTLY_RESET,2,1,False,none,none,sim_swap,FRAUD,MANUAL_REVIEW
d2762bdc-1d34-408e-ba4c-75d4dc99e04c,u100026,Student,163,hardware_token_broken,dev_74454_2213,True,0.7,False,0.487,0.811,0.801,True,0.865,ACTIVE,ACTIVE_HEALTHY,2,0,False,none,none,none,LEGITIMATE,APPROVE
8d4f5d27-2c7f-4b79-bd67-cde92834e4c0,u100027,Faculty,979,lost_device,dev_10350_7693,True,0.511,False,0.315,0.699,0.744,True,0.47,PENDING_REVIEW,FAILED_RECENTLY,5,2,False,none,none,insider_threat,FRAUD,DENY
246998e8-d39e-498b-8400-7d5ae88da719,u100028,Faculty,949,forgot_password,dev_31747_6039,True,0.954,False,0.131,0.832,0.83,True,0.766,ACTIVE,ACTIVE_HEALTHY,3,0,False,none,none,none,LEGITIMATE,APPROVE
84dad06a-7872-4deb-acd9-4cbbc19ad58c,u100029,Temporary Researcher,2547,hardware_token_broken,dev_46458_3973,False,0.265,True,0.731,0.162,0.05,False,0.0,ACTIVE,DISABLED,0,1,False,none,none,dormant_takeover,FRAUD,DENY
668409e3-f1f8-443e-a99f-131849c8a43f,u100030,Faculty,7029,locked_out_traveling,dev_14809_8451,True,0.97,False,0.094,0.621,0.811,True,0.827,ACTIVE,ACTIVE_HEALTHY,0,0,False,directory,none,none,LEGITIMATE,APPROVE
8d605936-0380-4b70-8d03-c91e4f8d5238,u100031,Faculty,3707,forgot_password,dev_39451_2858,False,0.624,True,0.297,0.58,0.766,True,0.847,ACTIVE,RECENTLY_RESET,1,0,False,none,none,none,LEGITIMATE,APPROVE
89e06ab3-7250-4e18-a60a-5962dd81b7f5,u100032,Faculty,4332,mfa_phone_replaced,dev_53573_9903,False,0.791,True,0.099,0.88,0.932,True,0.737,PENDING_REVIEW,ACTIVE_HEALTHY,1,0,False,none,none,none,LEGITIMATE,MANUAL_REVIEW
def57689-68f4-4bce-a4e7-5e8eb8f21423,u100033,Student,1370,lost_device,dev_19807_8692,False,0.68,True,0.113,0.793,0.724,True,0.898,ACTIVE,ACTIVE_HEALTHY,1,0,False,none,none,none,LEGITIMATE,APPROVE
2a96e1e2-7194-4ae2-99ba-d7aedf615a5c,u100034,Faculty,6050,mfa_phone_replaced,dev_13794_1753,False,0.153,True,0.836,0.094,0.183,False,0.0,ACTIVE,FAILED_RECENTLY,1,3,False,none,none,credential_stuffing,FRAUD,DENY
7f671eec-3da7-4577-aee1-e86b9ea556aa,u100035,Alumni,8937,locked_out_traveling,dev_28758_4804,False,0.438,True,0.733,0.515,0.413,True,0.475,ACTIVE,DISABLED,3,3,False,none,none,social_engineering,FRAUD,DENY
4d57d880-d865-469a-b4f3-310340066ff2,u100036,Student,437,hardware_token_broken,dev_73335_2747,True,0.84,False,0.051,0.715,0.679,True,0.885,ACTIVE,ACTIVE_HEALTHY,0,1,False,none,none,none,LEGITIMATE,APPROVE
5d678bb1-945e-42e4-888a-93ec70d9c9f8,u100037,Student,299,forgot_password,dev_48680_6352,True,0.828,True,0.059,0.968,0.426,True,0.984,PENDING_REVIEW,ACTIVE_HEALTHY,1,0,False,none,none,none,LEGITIMATE,MANUAL_REVIEW
431d029f-ac1e-46d8-bfbf-397bac3e7b0d,u100038,Student,1227,hardware_token_broken,dev_93695_7086,True,0.854,False,0.159,0.985,0.646,False,0.0,ACTIVE,FAILED_RECENTLY,0,0,False,identity,none,none,LEGITIMATE,MANUAL_REVIEW
687a4850-9d9b-4231-bd45-d8efd56ce8ea,u100039,Faculty,2656,forgot_password,dev_58566_4559,True,0.932,False,0.022,0.928,0.792,True,0.873,ACTIVE,RECENTLY_RESET,0,0,False,none,none,none,LEGITIMATE,APPROVE
961d33ba-3508-43f0-8de0-8fc2c3e15a85,u100040,Student,472,lost_device,dev_53064_3417,False,0.525,True,0.228,0.564,0.698,True,0.872,ACTIVE,ACTIVE_HEALTHY,2,0,False,none,none,none,LEGITIMATE,APPROVE
a4b1f991-7542-4646-8d37-a539857dd3b3,u100041,Alumni,1715,forgot_password,dev_72781_7580,False,0.6,True,0.154,0.853,0.788,True,0.825,ACTIVE,FAILED_RECENTLY,0,0,False,none,none,none,LEGITIMATE,APPROVE
4140752c-aa44-4259-9001-8b7b6d4067f4,u100042,Student,796,lost_device,dev_72163_2099,False,0.0,True,0.254,0.958,0.588,True,0.981,ACTIVE,RECENTLY_RESET,0,0,False,device,none,none,LEGITIMATE,MANUAL_REVIEW
d86a6460-59a1-420e-9bb4-3332d8e7012f,u100043,Alumni,6788,mfa_phone_replaced,dev_25058_5564,False,0.425,True,0.865,0.144,0.05,False,0.0,ACTIVE,DISABLED,0,2,False,none,none,dormant_takeover,FRAUD,DENY
2e709838-0190-4620-99dc-abd056febfb9,u100044,Student,323,locked_out_traveling,dev_96159_7566,False,0.0,True,0.136,0.78,0.755,True,0.732,ACTIVE,FAILED_RECENTLY,0,0,False,device,none,none,LEGITIMATE,MANUAL_REVIEW
4d29d1ab-3455-42f7-81f7-c7ec0e0630cd,u100045,Temporary Researcher,123,lost_device,dev_43491_5742,False,0.224,True,0.849,0.089,0.183,False,0.0,ACTIVE,ACTIVE_HEALTHY,0,5,False,none,none,credential_stuffing,FRAUD,DENY
13eecdc6-ebd1-4d2c-b5b2-745504cc3ede,u100046,Student,671,locked_out_traveling,dev_66267_7626,True,0.688,False,0.004,0.977,0.707,True,0.79,ACTIVE,RECENTLY_RESET,1,0,False,none,none,none,LEGITIMATE,APPROVE
5970a859-c6b6-44ad-a7ea-8d5a31a3ac4d,u100047,Student,749,session_expired_urgent,dev_94599_3419,True,0.849,True,0.372,0.701,0.584,True,0.744,ACTIVE,FAILED_RECENTLY,0,0,False,none,none,none,LEGITIMATE,APPROVE
73b0a091-7634-4169-8f76-e38812fe28bf,u100048,Student,107,forgot_password,dev_58331_5703,False,0.0,False,0.086,0.765,0.942,True,0.961,ACTIVE,ACTIVE_HEALTHY,0,0,False,device,none,none,LEGITIMATE,MANUAL_REVIEW
9c1c3517-85d2-40a6-8629-5b5d707df251,u100049,Student,355,mfa_phone_replaced,dev_58870_5634,False,0.504,True,0.518,0.421,0.367,True,0.479,PENDING_REVIEW,DISABLED,3,2,False,none,none,social_engineering,FRAUD,DENY
4f6b58c8-598d-4aec-aaaf-e5432434a678,u100050,Faculty,5739,session_expired_urgent,dev_96787_7421,True,0.752,False,0.063,0.822,0.852,True,0.752,ACTIVE,FAILED_RECENTLY,0,2,True,none,identity,none,LEGITIMATE,MANUAL_REVIEW
c5580bb2-81f7-43fb-99e4-5c6ac9c23e69,u100051,Student,1135,session_expired_urgent,dev_79013_1618,True,0.632,False,0.265,0.891,0.708,False,0.0,SUSPENDED,DISABLED,2,5,False,none,none,insider_threat,FRAUD,DENY
48f1096d-9c4f-4b46-b1b7-01aaf836f571,u100052,Faculty,6528,session_expired_urgent,dev_68841_4833,True,0.917,False,0.134,0.795,0.938,True,0.886,ACTIVE,ACTIVE_HEALTHY,1,0,False,none,none,none,LEGITIMATE,APPROVE
e7c225da-7306-4588-85d5-a68d290a3abb,u100053,Student,1081,lost_device,dev_67340_2502,False,0.486,True,0.71,0.626,0.324,False,0.0,ACTIVE,RECENTLY_RESET,2,1,False,none,none,sim_swap,FRAUD,DENY
ee4a9b5d-5195-44e3-8737-4c86397b5f51,u100054,Student,232,session_expired_urgent,dev_95191_6493,True,0.924,True,0.293,0.838,0.939,True,0.93,ACTIVE,ACTIVE_HEALTHY,1,0,False,none,none,none,LEGITIMATE,APPROVE
24c173b9-b7f2-4572-bdef-a84993364f7e,u100055,Faculty,2751,hardware_token_broken,dev_10205_6780,True,0.869,False,0.038,0.822,0.973,True,0.8,ACTIVE,ACTIVE_HEALTHY,1,0,False,none,none,none,LEGITIMATE,APPROVE
a48e40f1-d042-4dfa-96ab-087a8bc78e81,u100056,Student,388,session_expired_urgent,dev_70899_8840,True,0.671,False,0.35,0.889,0.53,True,0.796,ACTIVE,RECENTLY_RESET,0,0,False,none,none,none,LEGITIMATE,APPROVE
7f072cb9-2fd3-40c0-b945-f2fd56cb1ab0,u100057,Temporary Researcher,269,mfa_phone_replaced,dev_78062_5369,False,0.436,True,0.169,0.835,0.821,True,0.952,ACTIVE,FAILED_RECENTLY,0,2,False,none,none,none,LEGITIMATE,MANUAL_REVIEW
83599af6-5d01-455f-a7fd-64c4a334058a,u100058,Student,1421,lost_device,dev_14081_3339,False,0.597,True,0.024,0.833,0.706,True,0.781,LEAVE,ACTIVE_HEALTHY,0,0,False,none,none,none,LEGITIMATE,MANUAL_REVIEW
36ee1640-723e-4466-b43b-d27f42a259a6,u100059,Student,1283,mfa_phone_replaced,dev_74382_4279,False,0.804,True,0.093,0.967,0.788,True,0.885,ACTIVE,ACTIVE_HEALTHY,0,0,True,none,directory,none,LEGITIMATE,MANUAL_REVIEW
9280c5aa-8dd4-495b-9c63-b6f306ba8cd3,u100060,Alumni,4482,hardware_token_broken,dev_82305_3126,False,0.073,True,0.842,0.265,0.17,False,0.0,ACTIVE,ACTIVE_HEALTHY,4,2,False,none,none,credential_stuffing,FRAUD,DENY
ae1b9f69-7740-4831-b331-874912fc7a87,u100061,Student,1089,mfa_phone_replaced,dev_26821_3981,False,0.351,True,0.719,0.319,0.237,True,0.299,ACTIVE,RECENTLY_RESET,2,3,False,none,none,sim_swap,FRAUD,MANUAL_REVIEW
d88f1c94-48b7-43d5-a519-dd7e84d67c4f,u100062,Temporary Researcher,55,mfa_phone_replaced,dev_35729_5496,True,0.676,False,0.267,0.93,0.462,False,0.0,LEAVE,DISABLED,2,2,True,none,device_intelligence,insider_threat,FRAUD,DENY
a6b07458-43c0-4d43-93a7-4792c561b8dc,u100063,Temporary Researcher,122,locked_out_traveling,dev_64602_1496,True,0.835,False,0.393,0.882,0.674,True,0.422,SUSPENDED,FAILED_RECENTLY,5,5,False,none,none,insider_threat,FRAUD,DENY
dc8a4922-5005-480f-a4c7-78a59b4e164b,u100064,Student,683,session_expired_urgent,dev_55268_7532,True,0.685,False,0.057,0.469,0.922,True,0.835,ACTIVE,FAILED_RECENTLY,0,1,True,none,device_intelligence,none,LEGITIMATE,MANUAL_REVIEW
0c74dc0f-5a57-4539-9556-0a2d3713b466,u100065,Temporary Researcher,40,mfa_phone_replaced,dev_74866_8710,True,0.685,True,0.034,0.915,0.575,True,0.877,ACTIVE,ACTIVE_HEALTHY,0,0,False,none,none,none,LEGITIMATE,APPROVE
9a3b0319-32f5-4510-a4ee-b4a6c14565c7,u100066,Temporary Researcher,275,hardware_token_broken,dev_75546_1659,True,0.915,False,0.152,0.89,0.786,False,0.0,ACTIVE,ACTIVE_HEALTHY,2,0,False,identity,none,none,LEGITIMATE,MANUAL_REVIEW
98cf1188-06d2-4913-a117-3719b023a0ea,u100067,Faculty,4252,mfa_phone_replaced,dev_95929_4728,False,0.477,True,0.162,0.815,0.952,True,0.794,ACTIVE,FAILED_RECENTLY,0,0,False,none,none,none,LEGITIMATE,APPROVE
de1e994a-c5a1-4f5c-ad05-b9125ab28d4a,u100068,Student,1424,session_expired_urgent,dev_44650_8932,True,0.749,False,0.254,0.908,0.825,True,0.924,ACTIVE,ACTIVE_HEALTHY,0,0,True,none,directory,none,LEGITIMATE,MANUAL_REVIEW
36c7d6fa-7aa4-4052-bf51-936241a64fed,u100069,Student,443,locked_out_traveling,dev_45537_5450,True,0.729,False,0.017,0.766,0.594,True,0.838,ACTIVE,RECENTLY_RESET,0,0,True,none,identity,none,LEGITIMATE,MANUAL_REVIEW
bd1a8f4b-88ff-4d40-bb72-c86d92fa675f,u100070,Student,106,lost_device,dev_64773_3880,True,0.926,True,0.323,0.83,0.913,True,0.779,ACTIVE,RECENTLY_RESET,0,0,False,none,none,none,LEGITIMATE,APPROVE
4b86b5a1-ca6f-4ff8-964c-fbd2bc92fd81,u100071,Temporary Researcher,6021,session_expired_urgent,dev_35318_3875,False,0.215,True,0.728,0.083,0.05,False,0.0,ACTIVE,DISABLED,0,2,False,none,none,dormant_takeover,FRAUD,DENY
725d4259-3c4b-4eec-a231-ee7342c2d2eb,u100072,Student,576,mfa_phone_replaced,dev_49576_1187,False,0.506,True,0.294,0.812,0.849,True,0.978,ACTIVE,FAILED_RECENTLY,1,0,False,none,none,none,LEGITIMATE,APPROVE
cd4f8b2b-899a-4252-81e1-b94a78883058,u100073,Student,1390,lost_device,dev_42435_2341,False,0.563,True,0.448,0.805,0.959,True,0.82,ACTIVE,FAILED_RECENTLY,0,0,False,none,none,none,LEGITIMATE,APPROVE
940c3503-37c8-4152-beed-0af900c59f30,u100074,Student,179,forgot_password,dev_65534_6644,False,0.827,True,0.228,0.927,0.413,True,0.631,LEAVE,DISABLED,4,5,False,none,none,insider_threat,FRAUD,DENY
aec76a82-148b-4376-a02a-4e5760a399d4,u100075,Temporary Researcher,353,locked_out_traveling,dev_27431_6697,True,0.89,False,0.005,0.924,0.537,True,0.922,ACTIVE,ACTIVE_HEALTHY,0,0,False,network,none,none,LEGITIMATE,APPROVE
0c760d28-df49-4037-b40a-9181ac09bdb7,u100076,Student,531,session_expired_urgent,dev_15798_7590,True,0.899,False,0.117,0.893,0.684,True,0.751,ACTIVE,FAILED_RECENTLY,0,0,False,none,none,none,LEGITIMATE,APPROVE
6a944054-b241-4482-9198-94d886433603,u100077,Student,866,lost_device,dev_49306_7167,False,0.782,True,0.048,0.829,0.643,True,0.946,ACTIVE,ACTIVE_HEALTHY,0,0,True,none,identity,none,LEGITIMATE,MANUAL_REVIEW
c2fe8954-cdfd-4531-b02b-783112a1fe7d,u100078,Student,1233,session_expired_urgent,dev_98008_4555,True,0.76,False,0.027,0.712,0.869,True,0.844,ACTIVE,FAILED_RECENTLY,1,0,False,none,none,none,LEGITIMATE,APPROVE
38a56b49-dd34-4a18-9001-9ed40bb401e7,u100079,Student,328,forgot_password,dev_44180_7841,False,0.315,True,0.533,0.592,0.35,False,0.0,ACTIVE,RECENTLY_RESET,3,2,False,none,none,sim_swap,FRAUD,DENY
bd5609c4-a446-4663-b93b-17fbf76d15fd,u100080,Alumni,5478,hardware_token_broken,dev_32050_6770,True,0.821,False,0.417,0.825,0.423,True,0.654,LEAVE,FAILED_RECENTLY,2,5,True,none,identity,insider_threat,FRAUD,DENY
02571851-26a9-4100-b509-109b116658ce,u100081,Alumni,1854,locked_out_traveling,dev_69770_7114,False,0.286,True,0.732,0.056,0.05,False,0.0,SUSPENDED,DISABLED,0,2,False,network,none,dormant_takeover,FRAUD,DENY
ac8d6c7d-b2a6-4468-902b-124380913ac1,u100082,Student,911,lost_device,dev_24026_2578,True,0.855,True,0.074,0.96,0.838,True,0.838,ACTIVE,ACTIVE_HEALTHY,0,0,False,none,none,none,LEGITIMATE,APPROVE
1869a217-f94d-4fcb-9ba3-496ffa323f69,u100083,Student,1111,forgot_password,dev_40115_4463,True,0.837,False,0.051,0.942,0.47,True,0.787,ACTIVE,FAILED_RECENTLY,0,0,False,none,none,none,LEGITIMATE,APPROVE
b962c8a7-b076-47dc-bd0c-e433ca5e151b,u100084,Faculty,1007,locked_out_traveling,dev_55332_1879,True,0.762,False,0.316,0.767,0.688,False,0.0,ACTIVE,ACTIVE_HEALTHY,1,0,False,identity,none,none,LEGITIMATE,MANUAL_REVIEW
63be441d-bd5a-4c9e-a77e-b0aaa247541d,u100085,Temporary Researcher,4009,mfa_phone_replaced,dev_23965_2499,False,0.136,True,0.628,0.201,0.05,False,0.0,SUSPENDED,DISABLED,0,3,False,directory,none,dormant_takeover,FRAUD,DENY
17d30f32-8de1-496c-9a9a-206a16f142a2,u100086,Student,1252,locked_out_traveling,dev_52523_7311,True,0.678,False,0.059,0.864,0.866,True,0.881,ACTIVE,ACTIVE_HEALTHY,0,0,False,network,none,none,LEGITIMATE,APPROVE
cdd7f460-6140-47d3-9ec4-ea48d773f98d,u100087,Student,704,hardware_token_broken,dev_53874_8055,True,0.612,False,0.579,0.67,0.526,False,0.0,PENDING_REVIEW,DISABLED,5,3,False,none,none,insider_threat,FRAUD,DENY
1d27c09a-5d71-4898-a497-6593c92e8c93,u100088,Student,1184,lost_device,dev_87624_9939,True,0.89,True,0.483,0.965,0.756,True,0.83,ACTIVE,FAILED_RECENTLY,0,1,True,none,identity,none,LEGITIMATE,MANUAL_REVIEW
5c0a1feb-f7ea-466e-8a6c-af9b09697101,u100089,Student,1129,locked_out_traveling,dev_93647_2392,True,0.767,False,0.095,0.871,0.831,False,0.0,ACTIVE,ACTIVE_HEALTHY,0,1,False,identity,none,none,LEGITIMATE,MANUAL_REVIEW
4fd80bbb-592c-4107-a444-d301baeb286b,u100090,Alumni,5389,hardware_token_broken,dev_37114_9537,False,0.353,True,0.745,0.074,0.05,False,0.0,ACTIVE,DISABLED,0,3,False,none,none,dormant_takeover,FRAUD,DENY
ccd015c1-ad59-40dd-9bff-3142a5e15b55,u100091,Alumni,2806,session_expired_urgent,dev_41970_9454,False,0.468,True,0.835,0.281,0.392,True,0.505,PENDING_REVIEW,DISABLED,1,2,True,none,directory,social_engineering,FRAUD,MANUAL_REVIEW
34ae4abd-36fc-40ac-b469-8db30123a348,u100092,Student,600,session_expired_urgent,dev_18200_2667,True,0.771,False,0.235,0.78,0.739,True,0.769,ACTIVE,RECENTLY_RESET,0,0,False,none,none,none,LEGITIMATE,APPROVE
7c966b55-2f8d-4ded-ac4c-450b623ad0fc,u100093,Student,1331,locked_out_traveling,dev_94575_3838,True,0.696,False,0.14,0.885,0.69,True,0.78,ACTIVE,ACTIVE_HEALTHY,1,0,False,none,none,none,LEGITIMATE,APPROVE
1d3ca5a4-929d-4377-9cfb-655f82c42e48,u100094,Student,578,locked_out_traveling,dev_58085_9880,False,0.646,True,0.417,0.92,0.697,True,0.748,ACTIVE,ACTIVE_HEALTHY,1,0,False,none,none,none,LEGITIMATE,APPROVE
52daf681-2b1a-476c-89ec-bc5198cbaa52,u100095,Student,629,mfa_phone_replaced,dev_85069_5380,False,0.805,True,0.437,0.96,0.889,True,0.882,ACTIVE,ACTIVE_HEALTHY,0,1,False,none,none,none,LEGITIMATE,APPROVE
e097dedb-efb3-4939-b1d8-18874739cc7b,u100096,Student,785,hardware_token_broken,dev_73968_6362,False,0.306,True,0.855,0.249,0.14,True,0.287,ACTIVE,FAILED_RECENTLY,3,3,False,none,none,credential_stuffing,FRAUD,DENY
93f37596-8c1c-4b05-9677-1f3648998e5f,u100097,Student,297,locked_out_traveling,dev_73614_6631,True,0.665,False,0.401,0.467,0.882,True,0.888,ACTIVE,RECENTLY_RESET,1,0,False,none,none,none,LEGITIMATE,APPROVE
7a10013f-36a2-452b-8047-3139185df528,u100098,Student,189,lost_device,dev_87814_4705,False,0.404,True,0.051,0.964,0.758,True,0.936,ACTIVE,ACTIVE_HEALTHY,0,0,False,none,none,none,LEGITIMATE,APPROVE
a0c9da72-368a-4d40-b8f1-4e3c59e7703a,u100099,Student,340,hardware_token_broken,dev_90750_8248,True,0.898,True,0.246,0.684,0.648,True,0.787,ACTIVE,ACTIVE_HEALTHY,1,0,False,none,none,none,LEGITIMATE,APPROVE
